/*
Navicat MySQL Data Transfer

Source Server         : xuchangjiang
Source Server Version : 50540
Source Host           : localhost:3306
Source Database       : xuchangjiang

Target Server Type    : MYSQL
Target Server Version : 50540
File Encoding         : 65001

Date: 2018-06-30 12:05:09
*/

SET FOREIGN_KEY_CHECKS=0;

-- ----------------------------
-- Table structure for qrtz_blob_triggers
-- ----------------------------
DROP TABLE IF EXISTS `qrtz_blob_triggers`;
CREATE TABLE `qrtz_blob_triggers` (
  `SCHED_NAME` varchar(120) NOT NULL,
  `TRIGGER_NAME` varchar(200) NOT NULL,
  `TRIGGER_GROUP` varchar(200) NOT NULL,
  `BLOB_DATA` blob,
  PRIMARY KEY (`SCHED_NAME`,`TRIGGER_NAME`,`TRIGGER_GROUP`),
  KEY `SCHED_NAME` (`SCHED_NAME`,`TRIGGER_NAME`,`TRIGGER_GROUP`),
  CONSTRAINT `qrtz_blob_triggers_ibfk_1` FOREIGN KEY (`SCHED_NAME`, `TRIGGER_NAME`, `TRIGGER_GROUP`) REFERENCES `qrtz_triggers` (`SCHED_NAME`, `TRIGGER_NAME`, `TRIGGER_GROUP`)
) ENGINE=InnoDB DEFAULT CHARSET=utf8;

-- ----------------------------
-- Records of qrtz_blob_triggers
-- ----------------------------

-- ----------------------------
-- Table structure for qrtz_calendars
-- ----------------------------
DROP TABLE IF EXISTS `qrtz_calendars`;
CREATE TABLE `qrtz_calendars` (
  `SCHED_NAME` varchar(120) NOT NULL,
  `CALENDAR_NAME` varchar(200) NOT NULL,
  `CALENDAR` blob NOT NULL,
  PRIMARY KEY (`SCHED_NAME`,`CALENDAR_NAME`)
) ENGINE=InnoDB DEFAULT CHARSET=utf8;

-- ----------------------------
-- Records of qrtz_calendars
-- ----------------------------

-- ----------------------------
-- Table structure for qrtz_cron_triggers
-- ----------------------------
DROP TABLE IF EXISTS `qrtz_cron_triggers`;
CREATE TABLE `qrtz_cron_triggers` (
  `SCHED_NAME` varchar(120) NOT NULL,
  `TRIGGER_NAME` varchar(200) NOT NULL,
  `TRIGGER_GROUP` varchar(200) NOT NULL,
  `CRON_EXPRESSION` varchar(120) NOT NULL,
  `TIME_ZONE_ID` varchar(80) DEFAULT NULL,
  PRIMARY KEY (`SCHED_NAME`,`TRIGGER_NAME`,`TRIGGER_GROUP`),
  CONSTRAINT `qrtz_cron_triggers_ibfk_1` FOREIGN KEY (`SCHED_NAME`, `TRIGGER_NAME`, `TRIGGER_GROUP`) REFERENCES `qrtz_triggers` (`SCHED_NAME`, `TRIGGER_NAME`, `TRIGGER_GROUP`)
) ENGINE=InnoDB DEFAULT CHARSET=utf8;

-- ----------------------------
-- Records of qrtz_cron_triggers
-- ----------------------------
INSERT INTO `qrtz_cron_triggers` VALUES ('RenrenScheduler', 'TASK_1', 'DEFAULT', '0 0/30 * * * ?', 'Asia/Shanghai');
INSERT INTO `qrtz_cron_triggers` VALUES ('RenrenScheduler', 'TASK_2', 'DEFAULT', '0 0/30 * * * ?', 'Asia/Shanghai');
INSERT INTO `qrtz_cron_triggers` VALUES ('RenrenScheduler', 'TASK_3', 'DEFAULT', '0 0/30 * * * ?', 'Asia/Shanghai');

-- ----------------------------
-- Table structure for qrtz_fired_triggers
-- ----------------------------
DROP TABLE IF EXISTS `qrtz_fired_triggers`;
CREATE TABLE `qrtz_fired_triggers` (
  `SCHED_NAME` varchar(120) NOT NULL,
  `ENTRY_ID` varchar(95) NOT NULL,
  `TRIGGER_NAME` varchar(200) NOT NULL,
  `TRIGGER_GROUP` varchar(200) NOT NULL,
  `INSTANCE_NAME` varchar(200) NOT NULL,
  `FIRED_TIME` bigint(13) NOT NULL,
  `SCHED_TIME` bigint(13) NOT NULL,
  `PRIORITY` int(11) NOT NULL,
  `STATE` varchar(16) NOT NULL,
  `JOB_NAME` varchar(200) DEFAULT NULL,
  `JOB_GROUP` varchar(200) DEFAULT NULL,
  `IS_NONCONCURRENT` varchar(1) DEFAULT NULL,
  `REQUESTS_RECOVERY` varchar(1) DEFAULT NULL,
  PRIMARY KEY (`SCHED_NAME`,`ENTRY_ID`),
  KEY `IDX_QRTZ_FT_TRIG_INST_NAME` (`SCHED_NAME`,`INSTANCE_NAME`),
  KEY `IDX_QRTZ_FT_INST_JOB_REQ_RCVRY` (`SCHED_NAME`,`INSTANCE_NAME`,`REQUESTS_RECOVERY`),
  KEY `IDX_QRTZ_FT_J_G` (`SCHED_NAME`,`JOB_NAME`,`JOB_GROUP`),
  KEY `IDX_QRTZ_FT_JG` (`SCHED_NAME`,`JOB_GROUP`),
  KEY `IDX_QRTZ_FT_T_G` (`SCHED_NAME`,`TRIGGER_NAME`,`TRIGGER_GROUP`),
  KEY `IDX_QRTZ_FT_TG` (`SCHED_NAME`,`TRIGGER_GROUP`)
) ENGINE=InnoDB DEFAULT CHARSET=utf8;

-- ----------------------------
-- Records of qrtz_fired_triggers
-- ----------------------------

-- ----------------------------
-- Table structure for qrtz_job_details
-- ----------------------------
DROP TABLE IF EXISTS `qrtz_job_details`;
CREATE TABLE `qrtz_job_details` (
  `SCHED_NAME` varchar(120) NOT NULL,
  `JOB_NAME` varchar(200) NOT NULL,
  `JOB_GROUP` varchar(200) NOT NULL,
  `DESCRIPTION` varchar(250) DEFAULT NULL,
  `JOB_CLASS_NAME` varchar(250) NOT NULL,
  `IS_DURABLE` varchar(1) NOT NULL,
  `IS_NONCONCURRENT` varchar(1) NOT NULL,
  `IS_UPDATE_DATA` varchar(1) NOT NULL,
  `REQUESTS_RECOVERY` varchar(1) NOT NULL,
  `JOB_DATA` blob,
  PRIMARY KEY (`SCHED_NAME`,`JOB_NAME`,`JOB_GROUP`),
  KEY `IDX_QRTZ_J_REQ_RECOVERY` (`SCHED_NAME`,`REQUESTS_RECOVERY`),
  KEY `IDX_QRTZ_J_GRP` (`SCHED_NAME`,`JOB_GROUP`)
) ENGINE=InnoDB DEFAULT CHARSET=utf8;

-- ----------------------------
-- Records of qrtz_job_details
-- ----------------------------
INSERT INTO `qrtz_job_details` VALUES ('RenrenScheduler', 'TASK_1', 'DEFAULT', null, 'io.renren.modules.job.utils.ScheduleJob', '0', '0', '0', '0', 0xACED0005737200156F72672E71756172747A2E4A6F62446174614D61709FB083E8BFA9B0CB020000787200266F72672E71756172747A2E7574696C732E537472696E674B65794469727479466C61674D61708208E8C3FBC55D280200015A0013616C6C6F77735472616E7369656E74446174617872001D6F72672E71756172747A2E7574696C732E4469727479466C61674D617013E62EAD28760ACE0200025A000564697274794C00036D617074000F4C6A6176612F7574696C2F4D61703B787001737200116A6176612E7574696C2E486173684D61700507DAC1C31660D103000246000A6C6F6164466163746F724900097468726573686F6C6478703F4000000000000C7708000000100000000174000D4A4F425F504152414D5F4B45597372002E696F2E72656E72656E2E6D6F64756C65732E6A6F622E656E746974792E5363686564756C654A6F62456E7469747900000000000000010200084C00086265616E4E616D657400124C6A6176612F6C616E672F537472696E673B4C000A63726561746554696D657400104C6A6176612F7574696C2F446174653B4C000E63726F6E45787072657373696F6E71007E00094C00056A6F6249647400104C6A6176612F6C616E672F4C6F6E673B4C000A6D6574686F644E616D6571007E00094C0006706172616D7371007E00094C000672656D61726B71007E00094C00067374617475737400134C6A6176612F6C616E672F496E74656765723B7870740008746573745461736B7372000E6A6176612E7574696C2E44617465686A81014B5974190300007870770800000158BAF593307874000E3020302F3330202A202A202A203F7372000E6A6176612E6C616E672E4C6F6E673B8BE490CC8F23DF0200014A000576616C7565787200106A6176612E6C616E672E4E756D62657286AC951D0B94E08B020000787000000000000000017400047465737474000672656E72656E74000FE69C89E58F82E695B0E6B58BE8AF95737200116A6176612E6C616E672E496E746567657212E2A0A4F781873802000149000576616C75657871007E0013000000007800);
INSERT INTO `qrtz_job_details` VALUES ('RenrenScheduler', 'TASK_2', 'DEFAULT', null, 'io.renren.modules.job.utils.ScheduleJob', '0', '0', '0', '0', 0xACED0005737200156F72672E71756172747A2E4A6F62446174614D61709FB083E8BFA9B0CB020000787200266F72672E71756172747A2E7574696C732E537472696E674B65794469727479466C61674D61708208E8C3FBC55D280200015A0013616C6C6F77735472616E7369656E74446174617872001D6F72672E71756172747A2E7574696C732E4469727479466C61674D617013E62EAD28760ACE0200025A000564697274794C00036D617074000F4C6A6176612F7574696C2F4D61703B787001737200116A6176612E7574696C2E486173684D61700507DAC1C31660D103000246000A6C6F6164466163746F724900097468726573686F6C6478703F4000000000000C7708000000100000000174000D4A4F425F504152414D5F4B45597372002E696F2E72656E72656E2E6D6F64756C65732E6A6F622E656E746974792E5363686564756C654A6F62456E7469747900000000000000010200084C00086265616E4E616D657400124C6A6176612F6C616E672F537472696E673B4C000A63726561746554696D657400104C6A6176612F7574696C2F446174653B4C000E63726F6E45787072657373696F6E71007E00094C00056A6F6249647400104C6A6176612F6C616E672F4C6F6E673B4C000A6D6574686F644E616D6571007E00094C0006706172616D7371007E00094C000672656D61726B71007E00094C00067374617475737400134C6A6176612F6C616E672F496E74656765723B7870740008746573745461736B7372000E6A6176612E7574696C2E44617465686A81014B5974190300007870770800000158C377C4607874000E3020302F3330202A202A202A203F7372000E6A6176612E6C616E672E4C6F6E673B8BE490CC8F23DF0200014A000576616C7565787200106A6176612E6C616E672E4E756D62657286AC951D0B94E08B0200007870000000000000000274000574657374327074000FE697A0E58F82E695B0E6B58BE8AF95737200116A6176612E6C616E672E496E746567657212E2A0A4F781873802000149000576616C75657871007E0013000000017800);
INSERT INTO `qrtz_job_details` VALUES ('RenrenScheduler', 'TASK_3', 'DEFAULT', null, 'com.datang.modules.job.utils.ScheduleJob', '0', '0', '0', '0', 0xACED0005737200156F72672E71756172747A2E4A6F62446174614D61709FB083E8BFA9B0CB020000787200266F72672E71756172747A2E7574696C732E537472696E674B65794469727479466C61674D61708208E8C3FBC55D280200015A0013616C6C6F77735472616E7369656E74446174617872001D6F72672E71756172747A2E7574696C732E4469727479466C61674D617013E62EAD28760ACE0200025A000564697274794C00036D617074000F4C6A6176612F7574696C2F4D61703B787001737200116A6176612E7574696C2E486173684D61700507DAC1C31660D103000246000A6C6F6164466163746F724900097468726573686F6C6478703F4000000000000C7708000000100000000174000D4A4F425F504152414D5F4B45597372002F636F6D2E646174616E672E6D6F64756C65732E6A6F622E656E746974792E5363686564756C654A6F62456E7469747900000000000000010200084C00086265616E4E616D657400124C6A6176612F6C616E672F537472696E673B4C000A63726561746554696D657400104C6A6176612F7574696C2F446174653B4C000E63726F6E45787072657373696F6E71007E00094C00056A6F6249647400104C6A6176612F6C616E672F4C6F6E673B4C000A6D6574686F644E616D6571007E00094C0006706172616D7371007E00094C000672656D61726B71007E00094C00067374617475737400134C6A6176612F6C616E672F496E74656765723B7870740008746573745461736B7372000E6A6176612E7574696C2E44617465686A81014B59741903000078707708000001644E65D1517874000E3020302F3330202A202A202A203F7372000E6A6176612E6C616E672E4C6F6E673B8BE490CC8F23DF0200014A000576616C7565787200106A6176612E6C616E672E4E756D62657286AC951D0B94E08B020000787000000000000000037400047465737474000474657374740012E6B58BE8AF95E5AE9AE697B6E4BBBBE58AA1737200116A6176612E6C616E672E496E746567657212E2A0A4F781873802000149000576616C75657871007E0013000000007800);

-- ----------------------------
-- Table structure for qrtz_locks
-- ----------------------------
DROP TABLE IF EXISTS `qrtz_locks`;
CREATE TABLE `qrtz_locks` (
  `SCHED_NAME` varchar(120) NOT NULL,
  `LOCK_NAME` varchar(40) NOT NULL,
  PRIMARY KEY (`SCHED_NAME`,`LOCK_NAME`)
) ENGINE=InnoDB DEFAULT CHARSET=utf8;

-- ----------------------------
-- Records of qrtz_locks
-- ----------------------------
INSERT INTO `qrtz_locks` VALUES ('RenrenScheduler', 'STATE_ACCESS');
INSERT INTO `qrtz_locks` VALUES ('RenrenScheduler', 'TRIGGER_ACCESS');

-- ----------------------------
-- Table structure for qrtz_paused_trigger_grps
-- ----------------------------
DROP TABLE IF EXISTS `qrtz_paused_trigger_grps`;
CREATE TABLE `qrtz_paused_trigger_grps` (
  `SCHED_NAME` varchar(120) NOT NULL,
  `TRIGGER_GROUP` varchar(200) NOT NULL,
  PRIMARY KEY (`SCHED_NAME`,`TRIGGER_GROUP`)
) ENGINE=InnoDB DEFAULT CHARSET=utf8;

-- ----------------------------
-- Records of qrtz_paused_trigger_grps
-- ----------------------------

-- ----------------------------
-- Table structure for qrtz_scheduler_state
-- ----------------------------
DROP TABLE IF EXISTS `qrtz_scheduler_state`;
CREATE TABLE `qrtz_scheduler_state` (
  `SCHED_NAME` varchar(120) NOT NULL,
  `INSTANCE_NAME` varchar(200) NOT NULL,
  `LAST_CHECKIN_TIME` bigint(13) NOT NULL,
  `CHECKIN_INTERVAL` bigint(13) NOT NULL,
  PRIMARY KEY (`SCHED_NAME`,`INSTANCE_NAME`)
) ENGINE=InnoDB DEFAULT CHARSET=utf8;

-- ----------------------------
-- Records of qrtz_scheduler_state
-- ----------------------------
INSERT INTO `qrtz_scheduler_state` VALUES ('RenrenScheduler', 'xuchangjiang-PC1530324892109', '1530325843350', '15000');

-- ----------------------------
-- Table structure for qrtz_simple_triggers
-- ----------------------------
DROP TABLE IF EXISTS `qrtz_simple_triggers`;
CREATE TABLE `qrtz_simple_triggers` (
  `SCHED_NAME` varchar(120) NOT NULL,
  `TRIGGER_NAME` varchar(200) NOT NULL,
  `TRIGGER_GROUP` varchar(200) NOT NULL,
  `REPEAT_COUNT` bigint(7) NOT NULL,
  `REPEAT_INTERVAL` bigint(12) NOT NULL,
  `TIMES_TRIGGERED` bigint(10) NOT NULL,
  PRIMARY KEY (`SCHED_NAME`,`TRIGGER_NAME`,`TRIGGER_GROUP`),
  CONSTRAINT `qrtz_simple_triggers_ibfk_1` FOREIGN KEY (`SCHED_NAME`, `TRIGGER_NAME`, `TRIGGER_GROUP`) REFERENCES `qrtz_triggers` (`SCHED_NAME`, `TRIGGER_NAME`, `TRIGGER_GROUP`)
) ENGINE=InnoDB DEFAULT CHARSET=utf8;

-- ----------------------------
-- Records of qrtz_simple_triggers
-- ----------------------------

-- ----------------------------
-- Table structure for qrtz_simprop_triggers
-- ----------------------------
DROP TABLE IF EXISTS `qrtz_simprop_triggers`;
CREATE TABLE `qrtz_simprop_triggers` (
  `SCHED_NAME` varchar(120) NOT NULL,
  `TRIGGER_NAME` varchar(200) NOT NULL,
  `TRIGGER_GROUP` varchar(200) NOT NULL,
  `STR_PROP_1` varchar(512) DEFAULT NULL,
  `STR_PROP_2` varchar(512) DEFAULT NULL,
  `STR_PROP_3` varchar(512) DEFAULT NULL,
  `INT_PROP_1` int(11) DEFAULT NULL,
  `INT_PROP_2` int(11) DEFAULT NULL,
  `LONG_PROP_1` bigint(20) DEFAULT NULL,
  `LONG_PROP_2` bigint(20) DEFAULT NULL,
  `DEC_PROP_1` decimal(13,4) DEFAULT NULL,
  `DEC_PROP_2` decimal(13,4) DEFAULT NULL,
  `BOOL_PROP_1` varchar(1) DEFAULT NULL,
  `BOOL_PROP_2` varchar(1) DEFAULT NULL,
  PRIMARY KEY (`SCHED_NAME`,`TRIGGER_NAME`,`TRIGGER_GROUP`),
  CONSTRAINT `qrtz_simprop_triggers_ibfk_1` FOREIGN KEY (`SCHED_NAME`, `TRIGGER_NAME`, `TRIGGER_GROUP`) REFERENCES `qrtz_triggers` (`SCHED_NAME`, `TRIGGER_NAME`, `TRIGGER_GROUP`)
) ENGINE=InnoDB DEFAULT CHARSET=utf8;

-- ----------------------------
-- Records of qrtz_simprop_triggers
-- ----------------------------

-- ----------------------------
-- Table structure for qrtz_triggers
-- ----------------------------
DROP TABLE IF EXISTS `qrtz_triggers`;
CREATE TABLE `qrtz_triggers` (
  `SCHED_NAME` varchar(120) NOT NULL,
  `TRIGGER_NAME` varchar(200) NOT NULL,
  `TRIGGER_GROUP` varchar(200) NOT NULL,
  `JOB_NAME` varchar(200) NOT NULL,
  `JOB_GROUP` varchar(200) NOT NULL,
  `DESCRIPTION` varchar(250) DEFAULT NULL,
  `NEXT_FIRE_TIME` bigint(13) DEFAULT NULL,
  `PREV_FIRE_TIME` bigint(13) DEFAULT NULL,
  `PRIORITY` int(11) DEFAULT NULL,
  `TRIGGER_STATE` varchar(16) NOT NULL,
  `TRIGGER_TYPE` varchar(8) NOT NULL,
  `START_TIME` bigint(13) NOT NULL,
  `END_TIME` bigint(13) DEFAULT NULL,
  `CALENDAR_NAME` varchar(200) DEFAULT NULL,
  `MISFIRE_INSTR` smallint(2) DEFAULT NULL,
  `JOB_DATA` blob,
  PRIMARY KEY (`SCHED_NAME`,`TRIGGER_NAME`,`TRIGGER_GROUP`),
  KEY `IDX_QRTZ_T_J` (`SCHED_NAME`,`JOB_NAME`,`JOB_GROUP`),
  KEY `IDX_QRTZ_T_JG` (`SCHED_NAME`,`JOB_GROUP`),
  KEY `IDX_QRTZ_T_C` (`SCHED_NAME`,`CALENDAR_NAME`),
  KEY `IDX_QRTZ_T_G` (`SCHED_NAME`,`TRIGGER_GROUP`),
  KEY `IDX_QRTZ_T_STATE` (`SCHED_NAME`,`TRIGGER_STATE`),
  KEY `IDX_QRTZ_T_N_STATE` (`SCHED_NAME`,`TRIGGER_NAME`,`TRIGGER_GROUP`,`TRIGGER_STATE`),
  KEY `IDX_QRTZ_T_N_G_STATE` (`SCHED_NAME`,`TRIGGER_GROUP`,`TRIGGER_STATE`),
  KEY `IDX_QRTZ_T_NEXT_FIRE_TIME` (`SCHED_NAME`,`NEXT_FIRE_TIME`),
  KEY `IDX_QRTZ_T_NFT_ST` (`SCHED_NAME`,`TRIGGER_STATE`,`NEXT_FIRE_TIME`),
  KEY `IDX_QRTZ_T_NFT_MISFIRE` (`SCHED_NAME`,`MISFIRE_INSTR`,`NEXT_FIRE_TIME`),
  KEY `IDX_QRTZ_T_NFT_ST_MISFIRE` (`SCHED_NAME`,`MISFIRE_INSTR`,`NEXT_FIRE_TIME`,`TRIGGER_STATE`),
  KEY `IDX_QRTZ_T_NFT_ST_MISFIRE_GRP` (`SCHED_NAME`,`MISFIRE_INSTR`,`NEXT_FIRE_TIME`,`TRIGGER_GROUP`,`TRIGGER_STATE`),
  CONSTRAINT `qrtz_triggers_ibfk_1` FOREIGN KEY (`SCHED_NAME`, `JOB_NAME`, `JOB_GROUP`) REFERENCES `qrtz_job_details` (`SCHED_NAME`, `JOB_NAME`, `JOB_GROUP`)
) ENGINE=InnoDB DEFAULT CHARSET=utf8;

-- ----------------------------
-- Records of qrtz_triggers
-- ----------------------------
INSERT INTO `qrtz_triggers` VALUES ('RenrenScheduler', 'TASK_1', 'DEFAULT', 'TASK_1', 'DEFAULT', null, '1527692400000', '-1', '5', 'PAUSED', 'CRON', '1527690660000', '0', null, '2', 0xACED0005737200156F72672E71756172747A2E4A6F62446174614D61709FB083E8BFA9B0CB020000787200266F72672E71756172747A2E7574696C732E537472696E674B65794469727479466C61674D61708208E8C3FBC55D280200015A0013616C6C6F77735472616E7369656E74446174617872001D6F72672E71756172747A2E7574696C732E4469727479466C61674D617013E62EAD28760ACE0200025A000564697274794C00036D617074000F4C6A6176612F7574696C2F4D61703B787001737200116A6176612E7574696C2E486173684D61700507DAC1C31660D103000246000A6C6F6164466163746F724900097468726573686F6C6478703F4000000000000C7708000000100000000174000D4A4F425F504152414D5F4B45597372002E696F2E72656E72656E2E6D6F64756C65732E6A6F622E656E746974792E5363686564756C654A6F62456E7469747900000000000000010200084C00086265616E4E616D657400124C6A6176612F6C616E672F537472696E673B4C000A63726561746554696D657400104C6A6176612F7574696C2F446174653B4C000E63726F6E45787072657373696F6E71007E00094C00056A6F6249647400104C6A6176612F6C616E672F4C6F6E673B4C000A6D6574686F644E616D6571007E00094C0006706172616D7371007E00094C000672656D61726B71007E00094C00067374617475737400134C6A6176612F6C616E672F496E74656765723B7870740008746573745461736B7372000E6A6176612E7574696C2E44617465686A81014B5974190300007870770800000158BAF593307874000E3020302F3330202A202A202A203F7372000E6A6176612E6C616E672E4C6F6E673B8BE490CC8F23DF0200014A000576616C7565787200106A6176612E6C616E672E4E756D62657286AC951D0B94E08B020000787000000000000000017400047465737474000672656E72656E74000FE69C89E58F82E695B0E6B58BE8AF95737200116A6176612E6C616E672E496E746567657212E2A0A4F781873802000149000576616C75657871007E0013000000017800);
INSERT INTO `qrtz_triggers` VALUES ('RenrenScheduler', 'TASK_2', 'DEFAULT', 'TASK_2', 'DEFAULT', null, '1527692400000', '-1', '5', 'PAUSED', 'CRON', '1527690660000', '0', null, '2', 0xACED0005737200156F72672E71756172747A2E4A6F62446174614D61709FB083E8BFA9B0CB020000787200266F72672E71756172747A2E7574696C732E537472696E674B65794469727479466C61674D61708208E8C3FBC55D280200015A0013616C6C6F77735472616E7369656E74446174617872001D6F72672E71756172747A2E7574696C732E4469727479466C61674D617013E62EAD28760ACE0200025A000564697274794C00036D617074000F4C6A6176612F7574696C2F4D61703B787001737200116A6176612E7574696C2E486173684D61700507DAC1C31660D103000246000A6C6F6164466163746F724900097468726573686F6C6478703F4000000000000C7708000000100000000174000D4A4F425F504152414D5F4B45597372002E696F2E72656E72656E2E6D6F64756C65732E6A6F622E656E746974792E5363686564756C654A6F62456E7469747900000000000000010200084C00086265616E4E616D657400124C6A6176612F6C616E672F537472696E673B4C000A63726561746554696D657400104C6A6176612F7574696C2F446174653B4C000E63726F6E45787072657373696F6E71007E00094C00056A6F6249647400104C6A6176612F6C616E672F4C6F6E673B4C000A6D6574686F644E616D6571007E00094C0006706172616D7371007E00094C000672656D61726B71007E00094C00067374617475737400134C6A6176612F6C616E672F496E74656765723B7870740008746573745461736B7372000E6A6176612E7574696C2E44617465686A81014B5974190300007870770800000158C377C4607874000E3020302F3330202A202A202A203F7372000E6A6176612E6C616E672E4C6F6E673B8BE490CC8F23DF0200014A000576616C7565787200106A6176612E6C616E672E4E756D62657286AC951D0B94E08B0200007870000000000000000274000574657374327074000FE697A0E58F82E695B0E6B58BE8AF95737200116A6176612E6C616E672E496E746567657212E2A0A4F781873802000149000576616C75657871007E0013000000017800);
INSERT INTO `qrtz_triggers` VALUES ('RenrenScheduler', 'TASK_3', 'DEFAULT', 'TASK_3', 'DEFAULT', null, '1530327600000', '1530325800000', '5', 'WAITING', 'CRON', '1530323652000', '0', null, '2', 0xACED0005737200156F72672E71756172747A2E4A6F62446174614D61709FB083E8BFA9B0CB020000787200266F72672E71756172747A2E7574696C732E537472696E674B65794469727479466C61674D61708208E8C3FBC55D280200015A0013616C6C6F77735472616E7369656E74446174617872001D6F72672E71756172747A2E7574696C732E4469727479466C61674D617013E62EAD28760ACE0200025A000564697274794C00036D617074000F4C6A6176612F7574696C2F4D61703B787001737200116A6176612E7574696C2E486173684D61700507DAC1C31660D103000246000A6C6F6164466163746F724900097468726573686F6C6478703F4000000000000C7708000000100000000174000D4A4F425F504152414D5F4B45597372002F636F6D2E646174616E672E6D6F64756C65732E6A6F622E656E746974792E5363686564756C654A6F62456E7469747900000000000000010200084C00086265616E4E616D657400124C6A6176612F6C616E672F537472696E673B4C000A63726561746554696D657400104C6A6176612F7574696C2F446174653B4C000E63726F6E45787072657373696F6E71007E00094C00056A6F6249647400104C6A6176612F6C616E672F4C6F6E673B4C000A6D6574686F644E616D6571007E00094C0006706172616D7371007E00094C000672656D61726B71007E00094C00067374617475737400134C6A6176612F6C616E672F496E74656765723B7870740008746573745461736B7372000E6A6176612E7574696C2E44617465686A81014B59741903000078707708000001644E65CDA07874000E3020302F3330202A202A202A203F7372000E6A6176612E6C616E672E4C6F6E673B8BE490CC8F23DF0200014A000576616C7565787200106A6176612E6C616E672E4E756D62657286AC951D0B94E08B020000787000000000000000037400047465737474000474657374740012E6B58BE8AF95E5AE9AE697B6E4BBBBE58AA1737200116A6176612E6C616E672E496E746567657212E2A0A4F781873802000149000576616C75657871007E0013000000007800);

-- ----------------------------
-- Table structure for schedule_job
-- ----------------------------
DROP TABLE IF EXISTS `schedule_job`;
CREATE TABLE `schedule_job` (
  `job_id` bigint(20) NOT NULL AUTO_INCREMENT COMMENT '任务id',
  `bean_name` varchar(200) DEFAULT NULL COMMENT 'spring bean名称',
  `method_name` varchar(100) DEFAULT NULL COMMENT '方法名',
  `params` varchar(2000) DEFAULT NULL COMMENT '参数',
  `cron_expression` varchar(100) DEFAULT NULL COMMENT 'cron表达式',
  `status` tinyint(4) DEFAULT NULL COMMENT '任务状态  0：正常  1：暂停',
  `remark` varchar(255) DEFAULT NULL COMMENT '备注',
  `create_time` datetime DEFAULT NULL COMMENT '创建时间',
  PRIMARY KEY (`job_id`)
) ENGINE=InnoDB AUTO_INCREMENT=4 DEFAULT CHARSET=utf8 COMMENT='定时任务';

-- ----------------------------
-- Records of schedule_job
-- ----------------------------
INSERT INTO `schedule_job` VALUES ('3', 'testTask', 'test', 'test', '0 0/30 * * * ?', '0', '测试定时任务', '2018-06-30 09:54:12');

-- ----------------------------
-- Table structure for schedule_job_log
-- ----------------------------
DROP TABLE IF EXISTS `schedule_job_log`;
CREATE TABLE `schedule_job_log` (
  `log_id` bigint(20) NOT NULL AUTO_INCREMENT COMMENT '任务日志id',
  `job_id` bigint(20) NOT NULL COMMENT '任务id',
  `bean_name` varchar(200) DEFAULT NULL COMMENT 'spring bean名称',
  `method_name` varchar(100) DEFAULT NULL COMMENT '方法名',
  `params` varchar(2000) DEFAULT NULL COMMENT '参数',
  `status` tinyint(4) NOT NULL COMMENT '任务状态    0：成功    1：失败',
  `error` varchar(2000) DEFAULT NULL COMMENT '失败信息',
  `times` int(11) NOT NULL COMMENT '耗时(单位：毫秒)',
  `create_time` datetime DEFAULT NULL COMMENT '创建时间',
  PRIMARY KEY (`log_id`),
  KEY `job_id` (`job_id`)
) ENGINE=InnoDB AUTO_INCREMENT=23 DEFAULT CHARSET=utf8 COMMENT='定时任务日志';

-- ----------------------------
-- Records of schedule_job_log
-- ----------------------------
INSERT INTO `schedule_job_log` VALUES ('1', '1', 'testTask', 'test', 'renren', '0', null, '1050', '2018-05-30 23:30:00');
INSERT INTO `schedule_job_log` VALUES ('2', '1', 'testTask', 'test', 'renren', '0', null, '1308', '2018-06-03 21:00:00');
INSERT INTO `schedule_job_log` VALUES ('3', '1', 'testTask', 'test', 'renren', '0', null, '1009', '2018-06-03 21:08:48');
INSERT INTO `schedule_job_log` VALUES ('4', '1', 'testTask', 'test', 'renren', '0', null, '1029', '2018-06-03 21:30:00');
INSERT INTO `schedule_job_log` VALUES ('5', '1', 'testTask', 'test', 'renren', '0', null, '1180', '2018-06-09 23:30:03');
INSERT INTO `schedule_job_log` VALUES ('6', '1', 'testTask', 'test', 'renren', '0', null, '1075', '2018-06-23 01:30:00');
INSERT INTO `schedule_job_log` VALUES ('7', '1', 'testTask', 'test', 'renren', '0', null, '1146', '2018-06-26 10:00:00');
INSERT INTO `schedule_job_log` VALUES ('8', '1', 'testTask', 'test', 'renren', '0', null, '1016', '2018-06-26 10:30:00');
INSERT INTO `schedule_job_log` VALUES ('9', '1', 'testTask', 'test', 'renren', '0', null, '1012', '2018-06-26 11:00:00');
INSERT INTO `schedule_job_log` VALUES ('10', '1', 'testTask', 'test', 'renren', '0', null, '1008', '2018-06-26 11:30:00');
INSERT INTO `schedule_job_log` VALUES ('11', '1', 'testTask', 'test', 'renren', '0', null, '1011', '2018-06-26 12:00:00');
INSERT INTO `schedule_job_log` VALUES ('12', '1', 'testTask', 'test', 'renren', '0', null, '1014', '2018-06-26 12:30:00');
INSERT INTO `schedule_job_log` VALUES ('13', '1', 'testTask', 'test', 'renren', '0', null, '1014', '2018-06-26 13:00:00');
INSERT INTO `schedule_job_log` VALUES ('14', '1', 'testTask', 'test', 'renren', '0', null, '1013', '2018-06-26 13:30:00');
INSERT INTO `schedule_job_log` VALUES ('15', '1', 'testTask', 'test', 'renren', '0', null, '1014', '2018-06-26 14:00:00');
INSERT INTO `schedule_job_log` VALUES ('16', '1', 'testTask', 'test', 'renren', '0', null, '1053', '2018-06-26 15:00:00');
INSERT INTO `schedule_job_log` VALUES ('17', '1', 'testTask', 'test', 'renren', '0', null, '1313', '2018-06-26 16:00:00');
INSERT INTO `schedule_job_log` VALUES ('18', '3', 'testTask', 'test', 'test', '0', null, '1017', '2018-06-30 09:54:18');
INSERT INTO `schedule_job_log` VALUES ('19', '3', 'testTask', 'test', 'test', '0', null, '1035', '2018-06-30 09:55:23');
INSERT INTO `schedule_job_log` VALUES ('20', '3', 'testTask', 'test', 'test', '0', null, '1003', '2018-06-30 09:55:33');
INSERT INTO `schedule_job_log` VALUES ('21', '3', 'testTask', 'test', 'test', '0', null, '1004', '2018-06-30 10:00:00');
INSERT INTO `schedule_job_log` VALUES ('22', '3', 'testTask', 'test', 'test', '0', null, '1048', '2018-06-30 10:30:00');

-- ----------------------------
-- Table structure for sys_captcha
-- ----------------------------
DROP TABLE IF EXISTS `sys_captcha`;
CREATE TABLE `sys_captcha` (
  `uuid` char(36) NOT NULL COMMENT 'uuid',
  `code` varchar(6) NOT NULL COMMENT '验证码',
  `expire_time` datetime DEFAULT NULL COMMENT '过期时间',
  PRIMARY KEY (`uuid`)
) ENGINE=InnoDB DEFAULT CHARSET=utf8 COMMENT='系统验证码';

-- ----------------------------
-- Records of sys_captcha
-- ----------------------------
INSERT INTO `sys_captcha` VALUES ('038dfb95-2adf-4c0a-813f-0f62b539e613', 'dafg5', '2018-06-28 16:29:21');
INSERT INTO `sys_captcha` VALUES ('0d8a7fbf-48d1-4bf8-888f-8c65aa1e6128', 'c7deb', '2018-05-30 23:54:55');
INSERT INTO `sys_captcha` VALUES ('0f006aeb-d80e-4c68-8b01-e8ba7b5cba47', 'cy45n', '2018-05-30 23:49:32');
INSERT INTO `sys_captcha` VALUES ('1621be68-4dd5-425c-800a-a383add0605b', '62ny6', '2018-06-28 16:15:44');
INSERT INTO `sys_captcha` VALUES ('2822a5f3-8328-4287-8834-cad461d8f334', 'e5xpg', '2018-06-28 16:07:58');
INSERT INTO `sys_captcha` VALUES ('2914d4fc-6eec-430e-828e-c59969a9e8a0', 'fdc57', '2018-06-28 15:21:22');
INSERT INTO `sys_captcha` VALUES ('2b361bfa-f652-4029-8892-707ac0aa18df', 'bx37x', '2018-06-28 15:31:11');
INSERT INTO `sys_captcha` VALUES ('2be9bbee-0152-4158-8e04-abb8b67e94c7', 'wxng7', '2018-06-28 15:32:37');
INSERT INTO `sys_captcha` VALUES ('2c680a37-bbe3-4fb0-886f-656f5729ba3a', 'xd8yn', '2018-05-30 23:55:17');
INSERT INTO `sys_captcha` VALUES ('2f675842-aa79-4950-8436-c11614ea5578', 'ywd57', '2018-06-28 16:21:05');
INSERT INTO `sys_captcha` VALUES ('33d9b676-dbf1-4102-8e9b-ded56674c104', 'ynygm', '2018-06-28 15:03:37');
INSERT INTO `sys_captcha` VALUES ('39a8e330-227a-404f-8ffe-cb0ed0f83360', 'n6n5n', '2018-06-28 16:22:38');
INSERT INTO `sys_captcha` VALUES ('3f6cb8db-fbab-4561-80b0-9fd8bb670853', 'dcd8d', '2018-06-28 17:03:26');
INSERT INTO `sys_captcha` VALUES ('4075c02d-a081-4f3f-81ca-32967f5c70a6', 'nxc82', '2018-06-28 16:30:57');
INSERT INTO `sys_captcha` VALUES ('422ae015-16cf-4f5d-8623-91819545b244', 'mbe2y', '2018-06-28 16:16:59');
INSERT INTO `sys_captcha` VALUES ('482650b7-3038-4278-8053-5bd7cdf0aca2', 'fbn4e', '2018-06-28 16:16:08');
INSERT INTO `sys_captcha` VALUES ('4a25d4aa-35cd-4a14-8d92-3f879a07341b', 'bf2w3', '2018-06-28 16:30:20');
INSERT INTO `sys_captcha` VALUES ('502df3ed-7d3b-4838-8876-5dc9f0d1d1be', '46mg8', '2018-06-28 15:32:08');
INSERT INTO `sys_captcha` VALUES ('50c895aa-75fb-4036-8063-7251124daa5b', 'fpac3', '2018-06-28 16:07:49');
INSERT INTO `sys_captcha` VALUES ('52d28b51-a9bf-4abb-84d5-d11741655055', 'e387n', '2018-06-28 18:15:44');
INSERT INTO `sys_captcha` VALUES ('554e070d-9d2d-418d-8d0c-a6c2b6252211', 'f8gem', '2018-06-28 15:32:48');
INSERT INTO `sys_captcha` VALUES ('5b7dd591-2336-40d7-8cf4-c855700491f2', 'gww4n', '2018-06-28 16:23:52');
INSERT INTO `sys_captcha` VALUES ('6167d678-fb32-4ee9-825f-a36a4d972edc', 'naa46', '2018-06-28 16:16:08');
INSERT INTO `sys_captcha` VALUES ('63c7cd23-44da-48c3-8cce-d8ab60121870', '8pype', '2018-06-28 18:16:37');
INSERT INTO `sys_captcha` VALUES ('6d8d9b0c-5f7c-457c-87d2-f39bf9a11494', '2ap7b', '2018-06-28 15:41:38');
INSERT INTO `sys_captcha` VALUES ('7535c4bb-3aab-4ad1-8d82-43f549476a9d', 'exa2b', '2018-06-28 16:22:42');
INSERT INTO `sys_captcha` VALUES ('759db840-ac54-4f0a-8d9e-df0e65b3b0cd', 'b2y63', '2018-06-28 16:20:44');
INSERT INTO `sys_captcha` VALUES ('83e27d70-ce7a-4e13-8e35-17d98f12e465', 'dba2g', '2018-06-28 18:16:06');
INSERT INTO `sys_captcha` VALUES ('889f6532-d26b-4147-8041-d040890a4454', 'g58ea', '2018-05-30 23:53:47');
INSERT INTO `sys_captcha` VALUES ('9057ae37-735d-4641-847f-56e1833c4e35', '8dy2x', '2018-06-28 15:10:11');
INSERT INTO `sys_captcha` VALUES ('9aa5d10b-c8ff-467e-8116-be836444e6a0', 'f6b2w', '2018-05-30 23:55:50');
INSERT INTO `sys_captcha` VALUES ('9cca24e0-ccb4-48b5-8c14-5247ef5c3792', '3823a', '2018-06-28 16:17:12');
INSERT INTO `sys_captcha` VALUES ('9eb38dd0-c544-4c5d-8bdd-62d6d77f40eb', 'gfb6f', '2018-06-28 17:03:30');
INSERT INTO `sys_captcha` VALUES ('9f33193a-a178-4847-8bce-0a19aa014117', 'cn22x', '2018-06-28 16:21:30');
INSERT INTO `sys_captcha` VALUES ('a3cd48e0-fde8-4f1a-81e6-3790b60940cb', 'n8ecn', '2018-06-03 21:12:26');
INSERT INTO `sys_captcha` VALUES ('ab75b7a6-756f-4e17-8ef4-90491fb731f9', 'w7dw4', '2018-06-09 23:13:23');
INSERT INTO `sys_captcha` VALUES ('aeb177ed-9280-4297-8b9f-61ca32150592', 'emafd', '2018-06-03 20:48:11');
INSERT INTO `sys_captcha` VALUES ('af992791-4cb0-4dec-8a7b-9919bb936c83', 'nn2x8', '2018-06-28 16:22:08');
INSERT INTO `sys_captcha` VALUES ('b317eb6f-bde0-4504-8f82-c6d06f3d09cc', 'n3dbw', '2018-05-30 23:53:48');
INSERT INTO `sys_captcha` VALUES ('bc3152cd-a359-4ea5-8653-5b17d20b769a', 'fxacb', '2018-06-28 16:15:30');
INSERT INTO `sys_captcha` VALUES ('c4bd3bf7-ff79-4ace-8ffc-f41b98b05e9d', 'e76mn', '2018-05-30 23:49:32');
INSERT INTO `sys_captcha` VALUES ('c8658ccf-8488-44b5-8888-667b0524ebed', 'n6cwe', '2018-06-28 16:14:40');
INSERT INTO `sys_captcha` VALUES ('c97ec994-d941-4392-8aef-1774b20bf67d', 'w73ym', '2018-06-28 15:32:08');
INSERT INTO `sys_captcha` VALUES ('ca6ffd4d-bfaf-4836-85b1-8228d8edf288', '53yy5', '2018-06-28 15:39:23');
INSERT INTO `sys_captcha` VALUES ('d033139b-cca4-4341-865d-cee3086d7b25', 'na2dg', '2018-06-28 15:54:12');
INSERT INTO `sys_captcha` VALUES ('d651e704-11bc-4eec-8d6c-c6d7b9ba385c', 'nncne', '2018-06-28 16:20:56');
INSERT INTO `sys_captcha` VALUES ('d96bfb33-42e2-490d-8078-1b7784ac7ef4', '68ap2', '2018-06-28 15:03:41');
INSERT INTO `sys_captcha` VALUES ('e0b51b44-a1f3-454a-8029-1839e6aa0152', '2amxx', '2018-06-28 16:20:59');
INSERT INTO `sys_captcha` VALUES ('e7e683dc-9c8f-4453-83b3-c916c141c9e4', 'yxfg7', '2018-06-28 16:20:51');
INSERT INTO `sys_captcha` VALUES ('f4a1bb1f-815c-4161-8961-09fa23889110', 'f6pdd', '2018-06-28 15:18:07');
INSERT INTO `sys_captcha` VALUES ('fcb45655-d15e-4648-8b39-0bd81c5447b2', '6exa2', '2018-06-28 15:19:06');
INSERT INTO `sys_captcha` VALUES ('fcc9518c-b79c-4e03-8c47-62395b221a50', 'ece32', '2018-06-28 16:05:40');

-- ----------------------------
-- Table structure for sys_config
-- ----------------------------
DROP TABLE IF EXISTS `sys_config`;
CREATE TABLE `sys_config` (
  `id` bigint(20) NOT NULL AUTO_INCREMENT,
  `param_key` varchar(50) DEFAULT NULL COMMENT 'key',
  `param_value` varchar(2000) DEFAULT NULL COMMENT 'value',
  `status` tinyint(4) DEFAULT '1' COMMENT '状态   0：隐藏   1：显示',
  `remark` varchar(500) DEFAULT NULL COMMENT '备注',
  PRIMARY KEY (`id`),
  UNIQUE KEY `param_key` (`param_key`)
) ENGINE=InnoDB AUTO_INCREMENT=2 DEFAULT CHARSET=utf8 COMMENT='系统配置信息表';

-- ----------------------------
-- Records of sys_config
-- ----------------------------
INSERT INTO `sys_config` VALUES ('1', 'CLOUD_STORAGE_CONFIG_KEY', '{\"type\":1,\"qiniuDomain\":\"http://7xqbwh.dl1.z0.glb.clouddn.com\",\"qiniuPrefix\":\"upload\",\"qiniuAccessKey\":\"NrgMfABZxWLo5B-YYSjoE8-AZ1EISdi1Z3ubLOeZ\",\"qiniuSecretKey\":\"uIwJHevMRWU0VLxFvgy0tAcOdGqasdtVlJkdy6vV\",\"qiniuBucketName\":\"ios-app\",\"aliyunDomain\":\"\",\"aliyunPrefix\":\"\",\"aliyunEndPoint\":\"\",\"aliyunAccessKeyId\":\"\",\"aliyunAccessKeySecret\":\"\",\"aliyunBucketName\":\"\",\"qcloudDomain\":\"\",\"qcloudPrefix\":\"\",\"qcloudSecretId\":\"\",\"qcloudSecretKey\":\"\",\"qcloudBucketName\":\"\"}', '0', '云存储配置信息');

-- ----------------------------
-- Table structure for sys_log
-- ----------------------------
DROP TABLE IF EXISTS `sys_log`;
CREATE TABLE `sys_log` (
  `id` bigint(20) NOT NULL AUTO_INCREMENT,
  `username` varchar(50) DEFAULT NULL COMMENT '用户名',
  `operation` varchar(50) DEFAULT NULL COMMENT '用户操作',
  `method` varchar(200) DEFAULT NULL COMMENT '请求方法',
  `params` varchar(5000) DEFAULT NULL COMMENT '请求参数',
  `time` bigint(20) NOT NULL COMMENT '执行时长(毫秒)',
  `ip` varchar(64) DEFAULT NULL COMMENT 'IP地址',
  `create_date` datetime DEFAULT NULL COMMENT '创建时间',
  PRIMARY KEY (`id`)
) ENGINE=InnoDB AUTO_INCREMENT=25 DEFAULT CHARSET=utf8 COMMENT='系统日志';

-- ----------------------------
-- Records of sys_log
-- ----------------------------
INSERT INTO `sys_log` VALUES ('1', 'admin', '保存角色', 'io.renren.modules.sys.controller.SysRoleController.save()', '{\"roleId\":1,\"roleName\":\"普通管理员\",\"remark\":\"许长江\",\"createUserId\":1,\"menuIdList\":[1,2,15,16,17,18,3,19,20,21,22,4,23,24,25,26,5,6,7,8,9,10,11,12,13,14,27,29,30,-666666],\"createTime\":\"May 30, 2018 11:47:13 PM\"}', '301', '0:0:0:0:0:0:0:1', '2018-05-30 23:47:14');
INSERT INTO `sys_log` VALUES ('2', 'admin', '保存用户', 'io.renren.modules.sys.controller.SysUserController.save()', '{\"userId\":2,\"username\":\"xuchangjiang\",\"password\":\"20e50935a5a5730bf8b839b4a2dc72afaa886948fd1632af62b5cfe36f57545a\",\"salt\":\"0HddG3HJcqbQvjIXEtOm\",\"email\":\"13485386017@163.com\",\"mobile\":\"13485386017\",\"status\":1,\"roleIdList\":[1],\"createUserId\":1,\"createTime\":\"May 30, 2018 11:48:00 PM\"}', '301', '0:0:0:0:0:0:0:1', '2018-05-30 23:48:00');
INSERT INTO `sys_log` VALUES ('3', 'admin', '保存角色', 'io.renren.modules.sys.controller.SysRoleController.save()', '{\"roleId\":2,\"roleName\":\"系统管理员\",\"remark\":\"\",\"createUserId\":1,\"menuIdList\":[2,15,16,17,18,3,19,20,21,22,-666666,1],\"createTime\":\"May 30, 2018 11:48:24 PM\"}', '165', '0:0:0:0:0:0:0:1', '2018-05-30 23:48:25');
INSERT INTO `sys_log` VALUES ('4', 'admin', '修改用户', 'io.renren.modules.sys.controller.SysUserController.update()', '{\"userId\":2,\"username\":\"xuchangjiang\",\"salt\":\"0HddG3HJcqbQvjIXEtOm\",\"email\":\"13485386017@163.com\",\"mobile\":\"13485386017\",\"status\":1,\"roleIdList\":[1,2],\"createUserId\":1}', '467', '0:0:0:0:0:0:0:1', '2018-05-30 23:48:43');
INSERT INTO `sys_log` VALUES ('5', 'admin', '修改用户', 'io.renren.modules.sys.controller.SysUserController.update()', '{\"userId\":2,\"username\":\"xuchangjiang\",\"salt\":\"0HddG3HJcqbQvjIXEtOm\",\"email\":\"13485386017@163.com\",\"mobile\":\"13485386017\",\"status\":1,\"roleIdList\":[2],\"createUserId\":1}', '106', '0:0:0:0:0:0:0:1', '2018-05-30 23:50:12');
INSERT INTO `sys_log` VALUES ('6', 'admin', '修改角色', 'io.renren.modules.sys.controller.SysRoleController.update()', '{\"roleId\":2,\"roleName\":\"系统管理员\",\"remark\":\"系统管理\",\"createUserId\":1,\"menuIdList\":[2,15,16,17,18,3,19,20,21,22,-666666,1]}', '363', '0:0:0:0:0:0:0:1', '2018-06-03 21:08:02');
INSERT INTO `sys_log` VALUES ('7', 'admin', '修改角色', 'io.renren.modules.sys.controller.SysRoleController.update()', '{\"roleId\":2,\"roleName\":\"系统管理员\",\"remark\":\"系统管理\",\"createUserId\":1,\"menuIdList\":[1,2,15,16,17,18,3,19,20,21,22,4,23,24,25,26,5,6,7,8,9,10,11,12,13,14,27,29,30,-666666]}', '242', '0:0:0:0:0:0:0:1', '2018-06-03 21:08:13');
INSERT INTO `sys_log` VALUES ('8', 'admin', '立即执行任务', 'io.renren.modules.job.controller.ScheduleJobController.run()', '[1]', '118', '0:0:0:0:0:0:0:1', '2018-06-03 21:08:48');
INSERT INTO `sys_log` VALUES ('9', 'admin', '暂停定时任务', 'io.renren.modules.job.controller.ScheduleJobController.pause()', '[1]', '152', '0:0:0:0:0:0:0:1', '2018-06-26 16:18:39');
INSERT INTO `sys_log` VALUES ('10', 'admin', '删除菜单', 'io.renren.modules.sys.controller.SysMenuController.delete()', '31', '0', '0:0:0:0:0:0:0:1', '2018-06-27 09:58:59');
INSERT INTO `sys_log` VALUES ('11', 'admin', '删除菜单', 'io.renren.modules.sys.controller.SysMenuController.delete()', '32', '100', '0:0:0:0:0:0:0:1', '2018-06-27 09:59:17');
INSERT INTO `sys_log` VALUES ('12', 'admin', '修改菜单', 'io.renren.modules.sys.controller.SysMenuController.update()', '{\"menuId\":31,\"parentId\":0,\"name\":\"项目管理\",\"url\":\"modules/generator/vcproject.html\",\"type\":1,\"icon\":\"fa fa-file-code-o\",\"orderNum\":6}', '35', '0:0:0:0:0:0:0:1', '2018-06-27 09:59:34');
INSERT INTO `sys_log` VALUES ('13', 'admin', '删除菜单', 'io.renren.modules.sys.controller.SysMenuController.delete()', '31', '0', '0:0:0:0:0:0:0:1', '2018-06-27 10:00:00');
INSERT INTO `sys_log` VALUES ('14', 'admin', '修改菜单', 'io.renren.modules.sys.controller.SysMenuController.update()', '{\"menuId\":36,\"parentId\":0,\"name\":\"收货地址\",\"url\":\"generator/userreceivingaddress\",\"type\":1,\"icon\":\"config\",\"orderNum\":6}', '64608', '0:0:0:0:0:0:0:1', '2018-06-28 09:09:17');
INSERT INTO `sys_log` VALUES ('15', 'admin', '修改菜单', 'io.renren.modules.sys.controller.SysMenuController.update()', '{\"menuId\":36,\"parentId\":0,\"name\":\"收货地址\",\"url\":\"generator/userreceivingaddress\",\"type\":1,\"icon\":\"config\",\"orderNum\":6}', '98', '0:0:0:0:0:0:0:1', '2018-06-28 09:10:13');
INSERT INTO `sys_log` VALUES ('16', 'admin', '修改菜单', 'io.renren.modules.sys.controller.SysMenuController.update()', '{\"menuId\":36,\"parentId\":0,\"name\":\"收货地址\",\"url\":\"generator/userreceivingaddress\",\"type\":1,\"icon\":\"config\",\"orderNum\":6}', '51', '0:0:0:0:0:0:0:1', '2018-06-28 09:10:42');
INSERT INTO `sys_log` VALUES ('17', 'admin', '修改菜单', 'io.renren.modules.sys.controller.SysMenuController.update()', '{\"menuId\":36,\"parentId\":0,\"name\":\"收货地址\",\"url\":\"generator/userreceivingaddress\",\"type\":1,\"icon\":\"config\",\"orderNum\":6}', '90', '0:0:0:0:0:0:0:1', '2018-06-28 09:10:56');
INSERT INTO `sys_log` VALUES ('18', 'admin', '保存菜单', 'io.renren.modules.sys.controller.SysMenuController.save()', '{\"menuId\":86,\"parentId\":0,\"name\":\"业务管理\",\"type\":0,\"icon\":\"daohang\",\"orderNum\":30}', '34', '0:0:0:0:0:0:0:1', '2018-06-28 09:12:49');
INSERT INTO `sys_log` VALUES ('19', 'admin', '修改菜单', 'io.renren.modules.sys.controller.SysMenuController.update()', '{\"menuId\":36,\"parentId\":86,\"name\":\"收货地址\",\"url\":\"generator/userreceivingaddress\",\"type\":1,\"icon\":\"config\",\"orderNum\":6}', '51', '0:0:0:0:0:0:0:1', '2018-06-28 09:13:19');
INSERT INTO `sys_log` VALUES ('20', 'admin', '保存定时任务', 'com.datang.modules.job.controller.ScheduleJobController.save()', '{\"jobId\":3,\"beanName\":\"testTask\",\"methodName\":\"test\",\"params\":\"test\",\"cronExpression\":\"0 0/30 * * * ?\",\"status\":0,\"remark\":\"测试定时任务\",\"createTime\":\"Jun 30, 2018 9:54:12 AM\"}', '417', '0:0:0:0:0:0:0:1', '2018-06-30 09:54:13');
INSERT INTO `sys_log` VALUES ('21', 'admin', '立即执行任务', 'com.datang.modules.job.controller.ScheduleJobController.run()', '[3]', '74', '0:0:0:0:0:0:0:1', '2018-06-30 09:54:18');
INSERT INTO `sys_log` VALUES ('22', 'admin', '立即执行任务', 'com.datang.modules.job.controller.ScheduleJobController.run()', '[3]', '112', '0:0:0:0:0:0:0:1', '2018-06-30 09:55:19');
INSERT INTO `sys_log` VALUES ('23', 'admin', '立即执行任务', 'com.datang.modules.job.controller.ScheduleJobController.run()', '[3]', '59', '0:0:0:0:0:0:0:1', '2018-06-30 09:55:33');
INSERT INTO `sys_log` VALUES ('24', 'admin', '修改菜单', 'com.datang.modules.sys.controller.SysMenuController.update()', '{\"menuId\":5,\"parentId\":1,\"name\":\"SQL监控\",\"url\":\"http://localhost:8080/wholeBrainEducation/druid/sql.html\",\"type\":1,\"icon\":\"sql\",\"orderNum\":4}', '57', '0:0:0:0:0:0:0:1', '2018-06-30 10:00:59');

-- ----------------------------
-- Table structure for sys_menu
-- ----------------------------
DROP TABLE IF EXISTS `sys_menu`;
CREATE TABLE `sys_menu` (
  `menu_id` bigint(20) NOT NULL AUTO_INCREMENT,
  `parent_id` bigint(20) DEFAULT NULL COMMENT '父菜单ID，一级菜单为0',
  `name` varchar(50) DEFAULT NULL COMMENT '菜单名称',
  `url` varchar(200) DEFAULT NULL COMMENT '菜单URL',
  `perms` varchar(500) DEFAULT NULL COMMENT '授权(多个用逗号分隔，如：user:list,user:create)',
  `type` int(11) DEFAULT NULL COMMENT '类型   0：目录   1：菜单   2：按钮',
  `icon` varchar(50) DEFAULT NULL COMMENT '菜单图标',
  `order_num` int(11) DEFAULT NULL COMMENT '排序',
  PRIMARY KEY (`menu_id`)
) ENGINE=InnoDB AUTO_INCREMENT=137 DEFAULT CHARSET=utf8 COMMENT='菜单管理';

-- ----------------------------
-- Records of sys_menu
-- ----------------------------
INSERT INTO `sys_menu` VALUES ('1', '0', '系统管理', null, null, '0', 'system', '0');
INSERT INTO `sys_menu` VALUES ('2', '1', '管理员列表', 'sys/user', null, '1', 'admin', '1');
INSERT INTO `sys_menu` VALUES ('3', '1', '角色管理', 'sys/role', null, '1', 'role', '2');
INSERT INTO `sys_menu` VALUES ('4', '1', '菜单管理', 'sys/menu', null, '1', 'menu', '3');
INSERT INTO `sys_menu` VALUES ('5', '1', 'SQL监控', 'http://localhost:8080/xuchangjiang/druid/sql.html', null, '1', 'sql', '4');
INSERT INTO `sys_menu` VALUES ('6', '1', '定时任务', 'job/schedule', null, '1', 'job', '5');
INSERT INTO `sys_menu` VALUES ('7', '6', '查看', null, 'sys:schedule:list,sys:schedule:info', '2', null, '0');
INSERT INTO `sys_menu` VALUES ('8', '6', '新增', null, 'sys:schedule:save', '2', null, '0');
INSERT INTO `sys_menu` VALUES ('9', '6', '修改', null, 'sys:schedule:update', '2', null, '0');
INSERT INTO `sys_menu` VALUES ('10', '6', '删除', null, 'sys:schedule:delete', '2', null, '0');
INSERT INTO `sys_menu` VALUES ('11', '6', '暂停', null, 'sys:schedule:pause', '2', null, '0');
INSERT INTO `sys_menu` VALUES ('12', '6', '恢复', null, 'sys:schedule:resume', '2', null, '0');
INSERT INTO `sys_menu` VALUES ('13', '6', '立即执行', null, 'sys:schedule:run', '2', null, '0');
INSERT INTO `sys_menu` VALUES ('14', '6', '日志列表', null, 'sys:schedule:log', '2', null, '0');
INSERT INTO `sys_menu` VALUES ('15', '2', '查看', null, 'sys:user:list,sys:user:info', '2', null, '0');
INSERT INTO `sys_menu` VALUES ('16', '2', '新增', null, 'sys:user:save,sys:role:select', '2', null, '0');
INSERT INTO `sys_menu` VALUES ('17', '2', '修改', null, 'sys:user:update,sys:role:select', '2', null, '0');
INSERT INTO `sys_menu` VALUES ('18', '2', '删除', null, 'sys:user:delete', '2', null, '0');
INSERT INTO `sys_menu` VALUES ('19', '3', '查看', null, 'sys:role:list,sys:role:info', '2', null, '0');
INSERT INTO `sys_menu` VALUES ('20', '3', '新增', null, 'sys:role:save,sys:menu:list', '2', null, '0');
INSERT INTO `sys_menu` VALUES ('21', '3', '修改', null, 'sys:role:update,sys:menu:list', '2', null, '0');
INSERT INTO `sys_menu` VALUES ('22', '3', '删除', null, 'sys:role:delete', '2', null, '0');
INSERT INTO `sys_menu` VALUES ('23', '4', '查看', null, 'sys:menu:list,sys:menu:info', '2', null, '0');
INSERT INTO `sys_menu` VALUES ('24', '4', '新增', null, 'sys:menu:save,sys:menu:select', '2', null, '0');
INSERT INTO `sys_menu` VALUES ('25', '4', '修改', null, 'sys:menu:update,sys:menu:select', '2', null, '0');
INSERT INTO `sys_menu` VALUES ('26', '4', '删除', null, 'sys:menu:delete', '2', null, '0');
INSERT INTO `sys_menu` VALUES ('27', '1', '参数管理', 'sys/config', 'sys:config:list,sys:config:info,sys:config:save,sys:config:update,sys:config:delete', '1', 'config', '6');
INSERT INTO `sys_menu` VALUES ('29', '1', '系统日志', 'sys/log', 'sys:log:list', '1', 'log', '7');
INSERT INTO `sys_menu` VALUES ('30', '1', '文件上传', 'oss/oss', 'sys:oss:all', '1', 'oss', '6');

-- ----------------------------
-- Table structure for sys_oss
-- ----------------------------
DROP TABLE IF EXISTS `sys_oss`;
CREATE TABLE `sys_oss` (
  `id` bigint(20) NOT NULL AUTO_INCREMENT,
  `url` varchar(200) DEFAULT NULL COMMENT 'URL地址',
  `create_date` datetime DEFAULT NULL COMMENT '创建时间',
  PRIMARY KEY (`id`)
) ENGINE=InnoDB DEFAULT CHARSET=utf8 COMMENT='文件上传';

-- ----------------------------
-- Records of sys_oss
-- ----------------------------

-- ----------------------------
-- Table structure for sys_role
-- ----------------------------
DROP TABLE IF EXISTS `sys_role`;
CREATE TABLE `sys_role` (
  `role_id` bigint(20) NOT NULL AUTO_INCREMENT,
  `role_name` varchar(100) DEFAULT NULL COMMENT '角色名称',
  `remark` varchar(100) DEFAULT NULL COMMENT '备注',
  `create_user_id` bigint(20) DEFAULT NULL COMMENT '创建者ID',
  `create_time` datetime DEFAULT NULL COMMENT '创建时间',
  PRIMARY KEY (`role_id`)
) ENGINE=InnoDB AUTO_INCREMENT=3 DEFAULT CHARSET=utf8 COMMENT='角色';

-- ----------------------------
-- Records of sys_role
-- ----------------------------
INSERT INTO `sys_role` VALUES ('1', '普通管理员', '许长江', '1', '2018-05-30 23:47:13');
INSERT INTO `sys_role` VALUES ('2', '系统管理员', '系统管理', '1', null);

-- ----------------------------
-- Table structure for sys_role_menu
-- ----------------------------
DROP TABLE IF EXISTS `sys_role_menu`;
CREATE TABLE `sys_role_menu` (
  `id` bigint(20) NOT NULL AUTO_INCREMENT,
  `role_id` bigint(20) DEFAULT NULL COMMENT '角色ID',
  `menu_id` bigint(20) DEFAULT NULL COMMENT '菜单ID',
  PRIMARY KEY (`id`)
) ENGINE=InnoDB AUTO_INCREMENT=85 DEFAULT CHARSET=utf8 COMMENT='角色与菜单对应关系';

-- ----------------------------
-- Records of sys_role_menu
-- ----------------------------
INSERT INTO `sys_role_menu` VALUES ('1', '1', '1');
INSERT INTO `sys_role_menu` VALUES ('2', '1', '2');
INSERT INTO `sys_role_menu` VALUES ('3', '1', '15');
INSERT INTO `sys_role_menu` VALUES ('4', '1', '16');
INSERT INTO `sys_role_menu` VALUES ('5', '1', '17');
INSERT INTO `sys_role_menu` VALUES ('6', '1', '18');
INSERT INTO `sys_role_menu` VALUES ('7', '1', '3');
INSERT INTO `sys_role_menu` VALUES ('8', '1', '19');
INSERT INTO `sys_role_menu` VALUES ('9', '1', '20');
INSERT INTO `sys_role_menu` VALUES ('10', '1', '21');
INSERT INTO `sys_role_menu` VALUES ('11', '1', '22');
INSERT INTO `sys_role_menu` VALUES ('12', '1', '4');
INSERT INTO `sys_role_menu` VALUES ('13', '1', '23');
INSERT INTO `sys_role_menu` VALUES ('14', '1', '24');
INSERT INTO `sys_role_menu` VALUES ('15', '1', '25');
INSERT INTO `sys_role_menu` VALUES ('16', '1', '26');
INSERT INTO `sys_role_menu` VALUES ('17', '1', '5');
INSERT INTO `sys_role_menu` VALUES ('18', '1', '6');
INSERT INTO `sys_role_menu` VALUES ('19', '1', '7');
INSERT INTO `sys_role_menu` VALUES ('20', '1', '8');
INSERT INTO `sys_role_menu` VALUES ('21', '1', '9');
INSERT INTO `sys_role_menu` VALUES ('22', '1', '10');
INSERT INTO `sys_role_menu` VALUES ('23', '1', '11');
INSERT INTO `sys_role_menu` VALUES ('24', '1', '12');
INSERT INTO `sys_role_menu` VALUES ('25', '1', '13');
INSERT INTO `sys_role_menu` VALUES ('26', '1', '14');
INSERT INTO `sys_role_menu` VALUES ('27', '1', '27');
INSERT INTO `sys_role_menu` VALUES ('28', '1', '29');
INSERT INTO `sys_role_menu` VALUES ('29', '1', '30');
INSERT INTO `sys_role_menu` VALUES ('30', '1', '-666666');
INSERT INTO `sys_role_menu` VALUES ('55', '2', '1');
INSERT INTO `sys_role_menu` VALUES ('56', '2', '2');
INSERT INTO `sys_role_menu` VALUES ('57', '2', '15');
INSERT INTO `sys_role_menu` VALUES ('58', '2', '16');
INSERT INTO `sys_role_menu` VALUES ('59', '2', '17');
INSERT INTO `sys_role_menu` VALUES ('60', '2', '18');
INSERT INTO `sys_role_menu` VALUES ('61', '2', '3');
INSERT INTO `sys_role_menu` VALUES ('62', '2', '19');
INSERT INTO `sys_role_menu` VALUES ('63', '2', '20');
INSERT INTO `sys_role_menu` VALUES ('64', '2', '21');
INSERT INTO `sys_role_menu` VALUES ('65', '2', '22');
INSERT INTO `sys_role_menu` VALUES ('66', '2', '4');
INSERT INTO `sys_role_menu` VALUES ('67', '2', '23');
INSERT INTO `sys_role_menu` VALUES ('68', '2', '24');
INSERT INTO `sys_role_menu` VALUES ('69', '2', '25');
INSERT INTO `sys_role_menu` VALUES ('70', '2', '26');
INSERT INTO `sys_role_menu` VALUES ('71', '2', '5');
INSERT INTO `sys_role_menu` VALUES ('72', '2', '6');
INSERT INTO `sys_role_menu` VALUES ('73', '2', '7');
INSERT INTO `sys_role_menu` VALUES ('74', '2', '8');
INSERT INTO `sys_role_menu` VALUES ('75', '2', '9');
INSERT INTO `sys_role_menu` VALUES ('76', '2', '10');
INSERT INTO `sys_role_menu` VALUES ('77', '2', '11');
INSERT INTO `sys_role_menu` VALUES ('78', '2', '12');
INSERT INTO `sys_role_menu` VALUES ('79', '2', '13');
INSERT INTO `sys_role_menu` VALUES ('80', '2', '14');
INSERT INTO `sys_role_menu` VALUES ('81', '2', '27');
INSERT INTO `sys_role_menu` VALUES ('82', '2', '29');
INSERT INTO `sys_role_menu` VALUES ('83', '2', '30');
INSERT INTO `sys_role_menu` VALUES ('84', '2', '-666666');

-- ----------------------------
-- Table structure for sys_user
-- ----------------------------
DROP TABLE IF EXISTS `sys_user`;
CREATE TABLE `sys_user` (
  `user_id` bigint(20) NOT NULL AUTO_INCREMENT,
  `username` varchar(50) NOT NULL COMMENT '用户名',
  `password` varchar(100) DEFAULT NULL COMMENT '密码',
  `salt` varchar(20) DEFAULT NULL COMMENT '盐',
  `email` varchar(100) DEFAULT NULL COMMENT '邮箱',
  `mobile` varchar(100) DEFAULT NULL COMMENT '手机号',
  `status` tinyint(4) DEFAULT NULL COMMENT '状态  0：禁用   1：正常',
  `create_user_id` bigint(20) DEFAULT NULL COMMENT '创建者ID',
  `create_time` datetime DEFAULT NULL COMMENT '创建时间',
  PRIMARY KEY (`user_id`),
  UNIQUE KEY `username` (`username`)
) ENGINE=InnoDB AUTO_INCREMENT=3 DEFAULT CHARSET=utf8 COMMENT='系统用户';

-- ----------------------------
-- Records of sys_user
-- ----------------------------
INSERT INTO `sys_user` VALUES ('1', 'admin', '9ec9750e709431dad22365cabc5c625482e574c74adaebba7dd02f1129e4ce1d', 'YzcmCZNvbXocrsz9dm8e', 'root@renren.io', '13612345678', '1', '1', '2016-11-11 11:11:11');
INSERT INTO `sys_user` VALUES ('2', 'xuchangjiang', '20e50935a5a5730bf8b839b4a2dc72afaa886948fd1632af62b5cfe36f57545a', '0HddG3HJcqbQvjIXEtOm', '13485386017@163.com', '13485386017', '1', '1', '2018-05-30 23:48:00');

-- ----------------------------
-- Table structure for sys_user_role
-- ----------------------------
DROP TABLE IF EXISTS `sys_user_role`;
CREATE TABLE `sys_user_role` (
  `id` bigint(20) NOT NULL AUTO_INCREMENT,
  `user_id` bigint(20) DEFAULT NULL COMMENT '用户ID',
  `role_id` bigint(20) DEFAULT NULL COMMENT '角色ID',
  PRIMARY KEY (`id`)
) ENGINE=InnoDB AUTO_INCREMENT=5 DEFAULT CHARSET=utf8 COMMENT='用户与角色对应关系';

-- ----------------------------
-- Records of sys_user_role
-- ----------------------------
INSERT INTO `sys_user_role` VALUES ('4', '2', '2');

-- ----------------------------
-- Table structure for sys_user_token
-- ----------------------------
DROP TABLE IF EXISTS `sys_user_token`;
CREATE TABLE `sys_user_token` (
  `user_id` bigint(20) NOT NULL,
  `token` varchar(100) NOT NULL COMMENT 'token',
  `expire_time` datetime DEFAULT NULL COMMENT '过期时间',
  `update_time` datetime DEFAULT NULL COMMENT '更新时间',
  PRIMARY KEY (`user_id`),
  UNIQUE KEY `token` (`token`)
) ENGINE=InnoDB DEFAULT CHARSET=utf8 COMMENT='系统用户Token';

-- ----------------------------
-- Records of sys_user_token
-- ----------------------------
INSERT INTO `sys_user_token` VALUES ('1', 'c145d76682c2ce5a980dfe5319de8897', '2018-06-30 21:51:48', '2018-06-30 09:51:48');
INSERT INTO `sys_user_token` VALUES ('2', '35772a05a3df61ef65efc7fd8127bf97', '2018-05-31 11:50:35', '2018-05-30 23:50:35');

-- ----------------------------
-- Table structure for tb_user
-- ----------------------------
DROP TABLE IF EXISTS `tb_user`;
CREATE TABLE `tb_user` (
  `user_id` bigint(20) NOT NULL AUTO_INCREMENT,
  `username` varchar(50) NOT NULL COMMENT '用户名',
  `mobile` varchar(20) NOT NULL COMMENT '手机号',
  `password` varchar(64) DEFAULT NULL COMMENT '密码',
  `create_time` datetime DEFAULT NULL COMMENT '创建时间',
  PRIMARY KEY (`user_id`),
  UNIQUE KEY `username` (`username`)
) ENGINE=InnoDB AUTO_INCREMENT=2 DEFAULT CHARSET=utf8 COMMENT='用户';

-- ----------------------------
-- Records of tb_user
-- ----------------------------
INSERT INTO `tb_user` VALUES ('1', 'mark', '13612345678', '8d969eef6ecad3c29a3a629280e686cf0c3f5d5a86aff3ca12020c923adc6c92', '2017-03-23 22:37:41');
